{
  "type": "summoner",
  "version": "16.3.1",
  "data": {
    "SummonerBarrier": {
      "id": "SummonerBarrier",
      "name": "Barrier",
      "description": "Gain a brief Shield.",
      "tooltip": "Gain a <shield>{{ shieldstrength }} damage Shield</shield> for {{ shieldduration }} seconds.",
      "maxrank": 1,
      "cooldown": [
        180
      ],
      "cooldownBurn": "180",
      "cost": [
        0
      ],
      "costBurn": "0",
      "datavalues": {},
      "effect": [
        null,
        [
          0
        ],
        [
          0
        ],
        [
          0
        ],
        [
          0
        ],
        [
          0
        ],
        [
          0
        ],
        [
          0
        ],
        [
          0
        ],
        [
          0
        ],
        [
          0
        ]
      ],
      "effectBurn": [
        null,
        "0",
        "0",
        "0",
        "0",
        "0",
        "0",
        "0",
        "0",
        "0",
        "0"
      ],
      "vars": [],
      "key": "21",
      "summonerLevel": 4,
      "modes": [
        "ULTBOOK",
        "PRACTICETOOL",
        "URF",
        "NEXUSBLITZ",
        "ONEFORALL",
        "WIPMODEWIP",
        "RUBY",
        "SWIFTPLAY",
        "KIWI",
        "ARAM",
        "CLASSIC",
        "TUTORIAL",
        "BRAWL",
        "FIRSTBLOOD",
        "WIPMODEWIP3",
        "RUBY_TRIAL_2",
        "RUBY_TRIAL_3",
        "RUBY_TRIAL_1",
        "ASSASSINATE",
        "ARSR",
        "DOOMBOTSTEEMO"
      ],
      "costType": "No Cost",
      "maxammo": "-1",
      "range": [
        1200
      ],
      "rangeBurn": "1200",
      "image": {
        "full": "SummonerBarrier.png",
        "sprite": "spell0.png",
        "group": "spell",
        "x": 0,
        "y": 0,
        "w": 48,
        "h": 48
      },
      "resource": "No Cost"
    },
    "SummonerBoost": {
      "id": "SummonerBoost",
      "name": "Cleanse",
      "description": "Removes all disables (excluding suppression and airborne) and summoner spell debuffs affecting your champion and gives Tenacity.",
      "tooltip": "Removes all crowd control debuffs (excluding <keyword>Suppression</keyword> and <keyword>Airborne</keyword>) and summoner spell debuffs from you and grants {{ tenacityvalue*100 }}% Tenacity for {{ tenacityduration }} seconds.",
      "maxrank": 1,
      "cooldown": [
        240
      ],
      "cooldownBurn": "240",
      "cost": [
        0
      ],
      "costBurn": "0",
      "datavalues": {},
      "effect": [
        null,
        [
          0
        ],
        [
          0
        ],
        [
          0
        ],
        [
          0
        ],
        [
          0
        ],
        [
          0
        ],
        [
          0
        ],
        [
          0
        ],
        [
          0
        ],
        [
          0
        ]
      ],
      "effectBurn": [
        null,
        "0",
        "0",
        "0",
        "0",
        "0",
        "0",
        "0",
        "0",
        "0",
        "0"
      ],
      "vars": [],
      "key": "1",
      "summonerLevel": 9,
      "modes": [
        "ULTBOOK",
        "PRACTICETOOL",
        "URF",
        "NEXUSBLITZ",
        "ONEFORALL",
        "WIPMODEWIP",
        "RUBY",
        "SWIFTPLAY",
        "KIWI",
        "ARAM",
        "CLASSIC",
        "TUTORIAL",
        "BRAWL",
        "FIRSTBLOOD",
        "WIPMODEWIP3",
        "RUBY_TRIAL_2",
        "RUBY_TRIAL_3",
        "RUBY_TRIAL_1",
        "ARSR",
        "DOOMBOTSTEEMO"
      ],
      "costType": "No Cost",
      "maxammo": "-1",
      "range": [
        200
      ],
      "rangeBurn": "200",
      "image": {
        "full": "SummonerBoost.png",
        "sprite": "spell0.png",
        "group": "spell",
        "x": 48,
        "y": 0,
        "w": 48,
        "h": 48
      },
      "resource": "No Cost"
    },
    "SummonerCherryFlash": {
      "id": "SummonerCherryFlash",
      "name": "Flash",
      "description": "Teleports your champion a short distance toward your cursor's location.",
      "tooltip": "Teleports your champion a short distance toward your cursor's location.<br /><br />Cannot be cast again for one full round <rules>(a round consists of both a buy phase and a combat phase).</rules>",
      "maxrank": 1,
      "cooldown": [
        0.25
      ],
      "cooldownBurn": "0.25",
      "cost": [
        0
      ],
      "costBurn": "0",
      "datavalues": {},
      "effect": [
        null,
        [
          400
        ],
        [
          0
        ],
        [
          0
        ],
        [
          0
        ],
        [
          0
        ],
        [
          0
        ],
        [
          0
        ],
        [
          0
        ],
        [
          0
        ],
        [
          0
        ]
      ],
      "effectBurn": [
        null,
        "400",
        "0",
        "0",
        "0",
        "0",
        "0",
        "0",
        "0",
        "0",
        "0"
      ],
      "vars": [],
      "key": "2202",
      "summonerLevel": 1,
      "modes": [
        "CHERRY"
      ],
      "costType": "No Cost",
      "maxammo": "-1",
      "range": [
        425
      ],
      "rangeBurn": "425",
      "image": {
        "full": "SummonerCherryFlash.png",
        "sprite": "spell0.png",
        "group": "spell",
        "x": 96,
        "y": 0,
        "w": 48,
        "h": 48
      },
      "resource": "No Cost"
    },
    "SummonerCherryHold": {
      "id": "SummonerCherryHold",
      "name": "Flee",
      "description": "Gain a short burst of Move Speed, increased while running away from enemy champions.",
      "tooltip": "<keywordMajor>Active Spell Slot:</keywordMajor> Augments that grant a Summoner Spell will replace this slot.<br /><br />Gain <moveSpeed>{{ basems*100 }}% Move Speed</moveSpeed> for {{ duration }} seconds, increased by {{ bonusmsperenemybehind*100 }}% for each enemy behind you.",
      "maxrank": 1,
      "cooldown": [
        45
      ],
      "cooldownBurn": "45",
      "cost": [
        0
      ],
      "costBurn": "0",
      "datavalues": {},
      "effect": [
        null,
        [
          20
        ],
        [
          10
        ],
        [
          3
        ],
        [
          5
        ],
        [
          0
        ],
        [
          0
        ],
        [
          0
        ],
        [
          0
        ],
        [
          0
        ],
        [
          0
        ]
      ],
      "effectBurn": [
        null,
        "20",
        "10",
        "3",
        "5",
        "0",
        "0",
        "0",
        "0",
        "0",
        "0"
      ],
      "vars": [],
      "key": "2201",
      "summonerLevel": 1,
      "modes": [
        "CHERRY"
      ],
      "costType": "No Cost",
      "maxammo": "-1",
      "range": [
        25000
      ],
      "rangeBurn": "25000",
      "image": {
        "full": "SummonerCherryHold.png",
        "sprite": "spell0.png",
        "group": "spell",
        "x": 144,
        "y": 0,
        "w": 48,
        "h": 48
      },
      "resource": "No Cost"
    },
    "SummonerDot": {
      "id": "SummonerDot",
      "name": "Ignite",
      "description": "Deals true damage over time to target enemy champion and reduces healing effects on them for the duration.",
      "tooltip": "Deals <trueDamage>{{ tooltiptruedamagecalculation }} true damage</trueDamage> to target enemy champion over 5 seconds and applies <keyword>{{ grievousamount*100 }}% Grievous Wounds</keyword> for the duration.<br /><br /><keyword>Wounds</keyword>: Reduces the effectiveness of Healing and Regeneration effects.",
      "maxrank": 1,
      "cooldown": [
        180
      ],
      "cooldownBurn": "180",
      "cost": [
        0
      ],
      "costBurn": "0",
      "datavalues": {},
      "effect": [
        null,
        [
          0
        ],
        [
          0
        ],
        [
          0
        ],
        [
          0
        ],
        [
          0
        ],
        [
          0
        ],
        [
          0
        ],
        [
          0
        ],
        [
          0
        ],
        [
          0
        ]
      ],
      "effectBurn": [
        null,
        "0",
        "0",
        "0",
        "0",
        "0",
        "0",
        "0",
        "0",
        "0",
        "0"
      ],
      "vars": [],
      "key": "14",
      "summonerLevel": 9,
      "modes": [
        "ULTBOOK",
        "PRACTICETOOL",
        "URF",
        "NEXUSBLITZ",
        "ONEFORALL",
        "WIPMODEWIP",
        "RUBY",
        "SWIFTPLAY",
        "KIWI",
        "ARAM",
        "CLASSIC",
        "TUTORIAL",
        "BRAWL",
        "FIRSTBLOOD",
        "WIPMODEWIP3",
        "RUBY_TRIAL_2",
        "RUBY_TRIAL_3",
        "RUBY_TRIAL_1",
        "ASSASSINATE",
        "ARSR",
        "DOOMBOTSTEEMO"
      ],
      "costType": "No Cost",
      "maxammo": "-1",
      "range": [
        600
      ],
      "rangeBurn": "600",
      "image": {
        "full": "SummonerDot.png",
        "sprite": "spell0.png",
        "group": "spell",
        "x": 192,
        "y": 0,
        "w": 48,
        "h": 48
      },
      "resource": "No Cost"
    },
    "SummonerExhaust": {
      "id": "SummonerExhaust",
      "name": "Exhaust",
      "description": "Slows target enemy champion and reduces their damage dealt.",
      "tooltip": "<keyword>Slows</keyword> target enemy champion by {{ slow }}% and reduces their damage dealt by {{ damagereduction }}% for {{ debuffduration }} seconds.",
      "maxrank": 1,
      "cooldown": [
        240
      ],
      "cooldownBurn": "240",
      "cost": [
        0
      ],
      "costBurn": "0",
      "datavalues": {},
      "effect": [
        null,
        [
          0
        ],
        [
          0
        ],
        [
          0
        ],
        [
          0
        ],
        [
          0
        ],
        [
          0
        ],
        [
          0
        ],
        [
          0
        ],
        [
          0
        ],
        [
          0
        ]
      ],
      "effectBurn": [
        null,
        "0",
        "0",
        "0",
        "0",
        "0",
        "0",
        "0",
        "0",
        "0",
        "0"
      ],
      "vars": [],
      "key": "3",
      "summonerLevel": 4,
      "modes": [
        "URF",
        "RUBY",
        "WIPMODEWIP",
        "ARAM",
        "ONEFORALL",
        "NEXUSBLITZ",
        "PRACTICETOOL",
        "DOOMBOTSTEEMO",
        "TUTORIAL",
        "ARSR",
        "CLASSIC",
        "ULTBOOK",
        "RUBY_TRIAL_2",
        "SWIFTPLAY",
        "RUBY_TRIAL_1",
        "WIPMODEWIP3",
        "RUBY_TRIAL_3"
      ],
      "costType": "No Cost",
      "maxammo": "-1",
      "range": [
        650
      ],
      "rangeBurn": "650",
      "image": {
        "full": "SummonerExhaust.png",
        "sprite": "spell0.png",
        "group": "spell",
        "x": 240,
        "y": 0,
        "w": 48,
        "h": 48
      },
      "resource": "No Cost"
    },
    "SummonerFlash": {
      "id": "SummonerFlash",
      "name": "Flash",
      "description": "Teleports you a short distance toward your cursor.",
      "tooltip": "Teleports you a short distance toward your cursor.",
      "maxrank": 1,
      "cooldown": [
        300
      ],
      "cooldownBurn": "300",
      "cost": [
        0
      ],
      "costBurn": "0",
      "datavalues": {},
      "effect": [
        null,
        [
          400
        ],
        [
          0
        ],
        [
          0
        ],
        [
          0
        ],
        [
          0
        ],
        [
          0
        ],
        [
          0
        ],
        [
          0
        ],
        [
          0
        ],
        [
          0
        ]
      ],
      "effectBurn": [
        null,
        "400",
        "0",
        "0",
        "0",
        "0",
        "0",
        "0",
        "0",
        "0",
        "0"
      ],
      "vars": [],
      "key": "4",
      "summonerLevel": 7,
      "modes": [
        "CLASSIC",
        "NEXUSBLITZ",
        "ARAM",
        "FIRSTBLOOD",
        "PRACTICETOOL",
        "BRAWL",
        "WIPMODEWIP",
        "URF",
        "WIPMODEWIP3",
        "SNOWURF",
        "SWIFTPLAY",
        "TUTORIAL",
        "ONEFORALL",
        "ULTBOOK",
        "RUBY_TRIAL_3",
        "WIPMODEWIP4",
        "RUBY",
        "DOOMBOTSTEEMO",
        "KIWI",
        "RUBY_TRIAL_2",
        "RUBY_TRIAL_1",
        "ARSR"
      ],
      "costType": "No Cost",
      "maxammo": "-1",
      "range": [
        425
      ],
      "rangeBurn": "425",
      "image": {
        "full": "SummonerFlash.png",
        "sprite": "spell0.png",
        "group": "spell",
        "x": 288,
        "y": 0,
        "w": 48,
        "h": 48
      },
      "resource": "No Cost"
    },
    "SummonerHaste": {
      "id": "SummonerHaste",
      "name": "Ghost",
      "description": "Gain Move Speed and ignore unit collision for the duration.",
      "tooltip": "Gain <speed>{{ movespeedmod }} Move Speed</speed> and become <keyword>Ghosted</keyword> for {{ duration }} seconds.<br /><br /><keyword>Ghost</keyword>: Ignore collision with other units.",
      "maxrank": 1,
      "cooldown": [
        240
      ],
      "cooldownBurn": "240",
      "cost": [
        0
      ],
      "costBurn": "0",
      "datavalues": {},
      "effect": [
        null,
        [
          0
        ],
        [
          0
        ],
        [
          0
        ],
        [
          0
        ],
        [
          0
        ],
        [
          0
        ],
        [
          0
        ],
        [
          0
        ],
        [
          0
        ],
        [
          0
        ]
      ],
      "effectBurn": [
        null,
        "0",
        "0",
        "0",
        "0",
        "0",
        "0",
        "0",
        "0",
        "0",
        "0"
      ],
      "vars": [],
      "key": "6",
      "summonerLevel": 1,
      "modes": [
        "ULTBOOK",
        "PRACTICETOOL",
        "URF",
        "NEXUSBLITZ",
        "ONEFORALL",
        "RUBY",
        "TUTORIAL_MODULE_2",
        "SWIFTPLAY",
        "KIWI",
        "ARAM",
        "CLASSIC",
        "TUTORIAL",
        "TUTORIAL_MODULE_1",
        "BRAWL",
        "FIRSTBLOOD",
        "RUBY_TRIAL_2",
        "RUBY_TRIAL_3",
        "RUBY_TRIAL_1",
        "ASSASSINATE",
        "ARSR",
        "DOOMBOTSTEEMO"
      ],
      "costType": "No Cost",
      "maxammo": "-1",
      "range": [
        200
      ],
      "rangeBurn": "200",
      "image": {
        "full": "SummonerHaste.png",
        "sprite": "spell0.png",
        "group": "spell",
        "x": 336,
        "y": 0,
        "w": 48,
        "h": 48
      },
      "resource": "No Cost"
    },
    "SummonerHeal": {
      "id": "SummonerHeal",
      "name": "Heal",
      "description": "Restores Health and grants Move Speed to you and target allied champion.",
      "tooltip": "Restores <healing>{{ totalheal }} Health</healing> and grants <speed>{{ movespeed*100 }}% Move Speed</speed> for {{ movespeedduration }} second to you and target allied champion.<br /><br /><rules>If cast without a target, it will cast on the most wounded allied champion in range.<br />Healing is halved on units recently affected by Summoner Heal.</rules>",
      "maxrank": 1,
      "cooldown": [
        240
      ],
      "cooldownBurn": "240",
      "cost": [
        0
      ],
      "costBurn": "0",
      "datavalues": {},
      "effect": [
        null,
        [
          0
        ],
        [
          0
        ],
        [
          0
        ],
        [
          0
        ],
        [
          0
        ],
        [
          0
        ],
        [
          0
        ],
        [
          0
        ],
        [
          0
        ],
        [
          0
        ]
      ],
      "effectBurn": [
        null,
        "0",
        "0",
        "0",
        "0",
        "0",
        "0",
        "0",
        "0",
        "0",
        "0"
      ],
      "vars": [],
      "key": "7",
      "summonerLevel": 1,
      "modes": [
        "ULTBOOK",
        "PRACTICETOOL",
        "URF",
        "NEXUSBLITZ",
        "ONEFORALL",
        "WIPMODEWIP",
        "RUBY",
        "TUTORIAL_MODULE_2",
        "SWIFTPLAY",
        "KIWI",
        "ARAM",
        "CLASSIC",
        "TUTORIAL",
        "TUTORIAL_MODULE_1",
        "BRAWL",
        "WIPMODEWIP3",
        "RUBY_TRIAL_2",
        "RUBY_TRIAL_3",
        "RUBY_TRIAL_1",
        "ASSASSINATE",
        "ARSR",
        "DOOMBOTSTEEMO"
      ],
      "costType": "No Cost",
      "maxammo": "-1",
      "range": [
        875
      ],
      "rangeBurn": "875",
      "image": {
        "full": "SummonerHeal.png",
        "sprite": "spell0.png",
        "group": "spell",
        "x": 384,
        "y": 0,
        "w": 48,
        "h": 48
      },
      "resource": "No Cost"
    },
    "SummonerMana": {
      "id": "SummonerMana",
      "name": "Clarity",
      "description": "Restores your and ally champion's Mana.",
      "tooltip": "Restores {{ e1 }}% maximum Mana to your Champion and {{ e2 }}% to nearby allies.",
      "maxrank": 1,
      "cooldown": [
        240
      ],
      "cooldownBurn": "240",
      "cost": [
        0
      ],
      "costBurn": "0",
      "datavalues": {},
      "effect": [
        null,
        [
          50
        ],
        [
          25
        ],
        [
          0
        ],
        [
          0
        ],
        [
          0
        ],
        [
          0
        ],
        [
          0
        ],
        [
          0
        ],
        [
          0
        ],
        [
          0
        ]
      ],
      "effectBurn": [
        null,
        "50",
        "25",
        "0",
        "0",
        "0",
        "0",
        "0",
        "0",
        "0",
        "0"
      ],
      "vars": [],
      "key": "13",
      "summonerLevel": 6,
      "modes": [
        "KIWI",
        "ARAM",
        "FIRSTBLOOD"
      ],
      "costType": "No Cost",
      "maxammo": "-1",
      "range": [
        600
      ],
      "rangeBurn": "600",
      "image": {
        "full": "SummonerMana.png",
        "sprite": "spell0.png",
        "group": "spell",
        "x": 432,
        "y": 0,
        "w": 48,
        "h": 48
      },
      "resource": "No Cost"
    },
    "SummonerPoroRecall": {
      "id": "SummonerPoroRecall",
      "name": "To the King!",
      "description": "Quickly travel to the Poro King's side.",
      "tooltip": "<span class=\"colorFFE076\">Passive:</span> Hitting an enemy champion with a Poro gives your team a Poro Mark. Upon reaching 10 Poro Marks, your team summons the Poro King to fight alongside them. While the Poro King is active, no Poro Marks can be scored by either team.<br /><br /><span class=\"colorFFE076\">Active:</span> Quickly dash to King Poro's side. Can only be cast while the Poro King is summoned for your team. <br /><br /><i><span class=\"colorFDD017\">''Poros tug the heartstrings. The rest of you just comes along for the ride.''</span></i></mainText>",
      "maxrank": 1,
      "cooldown": [
        10
      ],
      "cooldownBurn": "10",
      "cost": [
        0
      ],
      "costBurn": "0",
      "datavalues": {},
      "effect": [
        null,
        [
          3000
        ],
        [
          0
        ],
        [
          0
        ],
        [
          0
        ],
        [
          0
        ],
        [
          0
        ],
        [
          0
        ],
        [
          0
        ],
        [
          0
        ],
        [
          0
        ]
      ],
      "effectBurn": [
        null,
        "3000",
        "0",
        "0",
        "0",
        "0",
        "0",
        "0",
        "0",
        "0",
        "0"
      ],
      "vars": [],
      "key": "30",
      "summonerLevel": 1,
      "modes": [
        "KINGPORO"
      ],
      "costType": "No Cost",
      "maxammo": "-1",
      "range": [
        200
      ],
      "rangeBurn": "200",
      "image": {
        "full": "SummonerPoroRecall.png",
        "sprite": "spell0.png",
        "group": "spell",
        "x": 0,
        "y": 48,
        "w": 48,
        "h": 48
      },
      "resource": "No Cost"
    },
    "SummonerPoroThrow": {
      "id": "SummonerPoroThrow",
      "name": "Poro Toss",
      "description": "Toss a Poro at your enemies. If it hits, you can quickly travel to your target as a follow up.",
      "tooltip": "Toss a Poro a long distance, dealing {{ f2 }} true damage to the first enemy unit hit, granting <span class=\"coloree91d7\">True Sight</span> of the target.<br /><br />This ability can be recast for 3 seconds if it hits an enemy to dash to the target hit, dealing {{ f2 }} more true damage and reducing the cooldown of the next Poro Toss by {{ e4 }} seconds.<br /><br />Poros are not blocked by spell shields or wind walls because they are animals, not spells!<br /><br /><i><span class=\"colorFDD017\">''Poros are a model for Runeterran aerodynamics.''</span></i></mainText>",
      "maxrank": 1,
      "cooldown": [
        20
      ],
      "cooldownBurn": "20",
      "cost": [
        0
      ],
      "costBurn": "0",
      "datavalues": {},
      "effect": [
        null,
        [
          20
        ],
        [
          10
        ],
        [
          3
        ],
        [
          5
        ],
        [
          0
        ],
        [
          0
        ],
        [
          0
        ],
        [
          0
        ],
        [
          0
        ],
        [
          0
        ]
      ],
      "effectBurn": [
        null,
        "20",
        "10",
        "3",
        "5",
        "0",
        "0",
        "0",
        "0",
        "0",
        "0"
      ],
      "vars": [],
      "key": "31",
      "summonerLevel": 1,
      "modes": [
        "KINGPORO"
      ],
      "costType": "No Cost",
      "maxammo": "-1",
      "range": [
        2500
      ],
      "rangeBurn": "2500",
      "image": {
        "full": "SummonerPoroThrow.png",
        "sprite": "spell0.png",
        "group": "spell",
        "x": 48,
        "y": 48,
        "w": 48,
        "h": 48
      },
      "resource": "No Cost"
    },
    "SummonerSmite": {
      "id": "SummonerSmite",
      "name": "Smite",
      "description": "Deals true damage to a monster or minion.",
      "tooltip": "Deals <trueDamage>{{ smitebasedamage }} true damage</trueDamage> to target large monster or lane minion.<br /><br />Deals <trueDamage>{{ firstpvpdamage }} true damage</trueDamage> to champion pets.",
      "maxrank": 1,
      "cooldown": [
        15
      ],
      "cooldownBurn": "15",
      "cost": [
        0
      ],
      "costBurn": "0",
      "datavalues": {},
      "effect": [
        null,
        [
          15
        ],
        [
          0
        ],
        [
          0
        ],
        [
          0
        ],
        [
          0
        ],
        [
          0
        ],
        [
          0
        ],
        [
          0
        ],
        [
          0
        ],
        [
          0
        ]
      ],
      "effectBurn": [
        null,
        "15",
        "0",
        "0",
        "0",
        "0",
        "0",
        "0",
        "0",
        "0",
        "0"
      ],
      "vars": [],
      "key": "11",
      "summonerLevel": 3,
      "modes": [
        "DOOMBOTSTEEMO",
        "PRACTICETOOL",
        "CLASSIC",
        "SWIFTPLAY",
        "URF",
        "NEXUSBLITZ",
        "ONEFORALL",
        "TUTORIAL",
        "ARSR"
      ],
      "costType": "No Cost",
      "maxammo": "2",
      "range": [
        500
      ],
      "rangeBurn": "500",
      "image": {
        "full": "SummonerSmite.png",
        "sprite": "spell0.png",
        "group": "spell",
        "x": 96,
        "y": 48,
        "w": 48,
        "h": 48
      },
      "resource": "No Cost"
    },
    "SummonerSnowURFSnowball_Mark": {
      "id": "SummonerSnowURFSnowball_Mark",
      "name": "Mark",
      "description": "Throw a snowball in a straight line at your enemies. If it hits an enemy, they become marked, granting True Sight, and your champion can quickly travel to the marked target as a follow up.",
      "tooltip": "Throw a snowball a long distance, dealing {{ tooltipdamagetotal }} true damage to the first enemy unit hit and granting <span class=\"coloree91d7\">True Sight</span> of the target. If it hits an enemy, this ability can be recast for {{ e3 }} seconds to Dash to the tagged unit, dealing an additional {{ tooltipdamagetotal }} true damage. Dashing to the target will reduce the cooldown of Mark by {{ e4 }}%.<br /><br /><span class=\"colorFFFF00\">Mark projectiles are not stopped by spell shields or projectile mitigation.</span>",
      "maxrank": 1,
      "cooldown": [
        80
      ],
      "cooldownBurn": "80",
      "cost": [
        0
      ],
      "costBurn": "0",
      "datavalues": {},
      "effect": [
        null,
        [
          10
        ],
        [
          5
        ],
        [
          3
        ],
        [
          25
        ],
        [
          0
        ],
        [
          0
        ],
        [
          0
        ],
        [
          0
        ],
        [
          0
        ],
        [
          0
        ]
      ],
      "effectBurn": [
        null,
        "10",
        "5",
        "3",
        "25",
        "0",
        "0",
        "0",
        "0",
        "0",
        "0"
      ],
      "vars": [],
      "key": "39",
      "summonerLevel": 6,
      "modes": [
        "SNOWURF"
      ],
      "costType": "No Cost",
      "maxammo": "-1",
      "range": [
        8000
      ],
      "rangeBurn": "8000",
      "image": {
        "full": "SummonerSnowURFSnowball_Mark.png",
        "sprite": "spell0.png",
        "group": "spell",
        "x": 144,
        "y": 48,
        "w": 48,
        "h": 48
      },
      "resource": "No Cost"
    },
    "SummonerSnowball": {
      "id": "SummonerSnowball",
      "name": "Mark",
      "description": "Throw a snowball in a straight line at your enemies. If it hits an enemy, they become marked, granting True Sight, and your champion can quickly travel to the marked target as a follow up.",
      "tooltip": "Throw a snowball a long distance, dealing {{ tooltipdamagetotal }} true damage to the first enemy unit hit and granting <span class=\"coloree91d7\">True Sight</span> of the target. If it hits an enemy, this ability can be recast for {{ e3 }} seconds to Dash to the tagged unit, dealing an additional {{ tooltipdamagetotal }} true damage. Dashing to the target will reduce the cooldown of Mark by {{ e4 }}%.<br /><br /><span class=\"colorFFFF00\">Mark projectiles are not stopped by spell shields or projectile mitigation.</span>",
      "maxrank": 1,
      "cooldown": [
        80
      ],
      "cooldownBurn": "80",
      "cost": [
        0
      ],
      "costBurn": "0",
      "datavalues": {},
      "effect": [
        null,
        [
          10
        ],
        [
          5
        ],
        [
          3
        ],
        [
          25
        ],
        [
          0
        ],
        [
          0
        ],
        [
          0
        ],
        [
          0
        ],
        [
          0
        ],
        [
          0
        ]
      ],
      "effectBurn": [
        null,
        "10",
        "5",
        "3",
        "25",
        "0",
        "0",
        "0",
        "0",
        "0",
        "0"
      ],
      "vars": [],
      "key": "32",
      "summonerLevel": 6,
      "modes": [
        "ARAM",
        "FIRSTBLOOD",
        "WIPMODEWIP5",
        "KIWI"
      ],
      "costType": "No Cost",
      "maxammo": "-1",
      "range": [
        1600
      ],
      "rangeBurn": "1600",
      "image": {
        "full": "SummonerSnowball.png",
        "sprite": "spell0.png",
        "group": "spell",
        "x": 192,
        "y": 48,
        "w": 48,
        "h": 48
      },
      "resource": "No Cost"
    },
    "SummonerTeleport": {
      "id": "SummonerTeleport",
      "name": "Teleport",
      "description": "After a brief channel, become untargetable and travel to an allied unit. Upgrades into Unleashed Teleport, which significantly increases travel speed. ",
      "tooltip": "After channeling for {{ channelduration }} seconds, become <keyword>Untargetable</keyword> and travel to target allied structure, minion, or ward. <br /><br />Upgrades into Unleashed Teleport at {{ upgrademinute }} minutes, which significantly increases travel speed.",
      "maxrank": 1,
      "cooldown": [
        300
      ],
      "cooldownBurn": "300",
      "cost": [
        0
      ],
      "costBurn": "0",
      "datavalues": {},
      "effect": [
        null,
        [
          0
        ],
        [
          0
        ],
        [
          0
        ],
        [
          0
        ],
        [
          0
        ],
        [
          0
        ],
        [
          0
        ],
        [
          0
        ],
        [
          0
        ],
        [
          0
        ]
      ],
      "effectBurn": [
        null,
        "0",
        "0",
        "0",
        "0",
        "0",
        "0",
        "0",
        "0",
        "0",
        "0"
      ],
      "vars": [],
      "key": "12",
      "summonerLevel": 7,
      "modes": [
        "TUTORIAL",
        "ULTBOOK",
        "ARSR",
        "CLASSIC",
        "RUBY_TRIAL_2",
        "ASSASSINATE",
        "PRACTICETOOL",
        "DOOMBOTSTEEMO",
        "ONEFORALL",
        "SWIFTPLAY",
        "WIPMODEWIP4",
        "RUBY",
        "RUBY_TRIAL_3",
        "RUBY_TRIAL_1"
      ],
      "costType": "No Cost",
      "maxammo": "-1",
      "range": [
        25000
      ],
      "rangeBurn": "25000",
      "image": {
        "full": "SummonerTeleport.png",
        "sprite": "spell0.png",
        "group": "spell",
        "x": 240,
        "y": 48,
        "w": 48,
        "h": 48
      },
      "resource": "No Cost"
    },
    "Summoner_UltBookPlaceholder": {
      "id": "Summoner_UltBookPlaceholder",
      "name": "Placeholder",
      "description": "This slot will be replaced by another champion's ultimate selected at the start of the game. There will be 30 seconds to select an ultimate. Be prepared!",
      "tooltip": "Will be replaced by your Ultimate Summoner Spell selection.{{ spellmodifierdescriptionappend }}",
      "maxrank": 1,
      "cooldown": [
        0
      ],
      "cooldownBurn": "0",
      "cost": [
        0
      ],
      "costBurn": "0",
      "datavalues": {},
      "effect": [
        null,
        [
          0
        ],
        [
          0
        ],
        [
          0
        ],
        [
          0
        ],
        [
          0
        ],
        [
          0
        ],
        [
          0
        ],
        [
          0
        ],
        [
          0
        ],
        [
          0
        ]
      ],
      "effectBurn": [
        null,
        "0",
        "0",
        "0",
        "0",
        "0",
        "0",
        "0",
        "0",
        "0",
        "0"
      ],
      "vars": [],
      "key": "54",
      "summonerLevel": 1,
      "modes": [
        "ULTBOOK"
      ],
      "costType": "&nbsp;",
      "maxammo": "-1",
      "range": [
        400
      ],
      "rangeBurn": "400",
      "image": {
        "full": "Summoner_UltBookPlaceholder.png",
        "sprite": "spell0.png",
        "group": "spell",
        "x": 288,
        "y": 48,
        "w": 48,
        "h": 48
      },
      "resource": "&nbsp;"
    },
    "Summoner_UltBookSmitePlaceholder": {
      "id": "Summoner_UltBookSmitePlaceholder",
      "name": "Placeholder and Attack-Smite",
      "description": "This slot will be replaced by another champion's ultimate and you will gain Attack-Smite. There will be 30 seconds to select an ultimate. Be prepared!",
      "tooltip": "Will be replaced by your Ultimate Summoner Spell.<br /><br />Gain Attack-Smite. Attack-Smite will execute allied Buff Monsters, Epic Monsters, and Scuttle Crabs when you attack them.<br /><br /><attention>Attack-Smite does not have a cooldown.</attention>{{ spellmodifierdescriptionappend }}",
      "maxrank": 1,
      "cooldown": [
        0
      ],
      "cooldownBurn": "0",
      "cost": [
        0
      ],
      "costBurn": "0",
      "datavalues": {},
      "effect": [
        null,
        [
          0
        ],
        [
          0
        ],
        [
          0
        ],
        [
          0
        ],
        [
          0
        ],
        [
          0
        ],
        [
          0
        ],
        [
          0
        ],
        [
          0
        ],
        [
          0
        ]
      ],
      "effectBurn": [
        null,
        "0",
        "0",
        "0",
        "0",
        "0",
        "0",
        "0",
        "0",
        "0",
        "0"
      ],
      "vars": [],
      "key": "55",
      "summonerLevel": 1,
      "modes": [
        "ULTBOOK"
      ],
      "costType": "&nbsp;",
      "maxammo": "-1",
      "range": [
        400
      ],
      "rangeBurn": "400",
      "image": {
        "full": "Summoner_UltBookSmitePlaceholder.png",
        "sprite": "spell0.png",
        "group": "spell",
        "x": 336,
        "y": 48,
        "w": 48,
        "h": 48
      },
      "resource": "&nbsp;"
    }
  }
}